1,100000,0.00064,543
1,99978,0.08176,99978
1,99910,0.23738,99910
1,99797,0.3931,99797
1,99642,0.54818,99642
1,99445,0.70306,99445
1,99200,0.85755,99200
1,98915,1.01297,98915
1,98582,1.16909,98582
1,98210,1.32209,98210
1,97792,1.47444,97792
1,97332,1.62768,97332
1,96830,1.78003,96830
1,96282,1.93134,96282
1,95695,2.08062,95695
1,95065,2.23004,95065
1,94392,2.37822,94392
1,93677,2.52546,93677
1,92922,2.67161,92922
1,92125,2.81583,92125
1,91288,2.95821,91288
1,90410,3.10049,90410
1,89495,3.24004,89495
1,88538,3.37939,88538
1,87543,3.51701,87543
1,86508,3.65304,86508
1,85435,3.78797,85435
1,84325,3.92068,84325
1,83178,4.05061,83178
1,81992,4.17964,81992
1,80772,4.30694,80772
1,79518,4.43637,79518
1,78228,4.55965,78228
1,76902,4.68069,76902
1,75542,4.79966,75542
1,74150,4.91579,74150
1,72725,5.03039,72725
1,71268,5.14281,71268
1,69778,5.2519,69778
1,68258,5.35955,68258
1,66710,5.46467,66710
1,65130,5.56816,65130
1,63522,5.66752,63522
1,61888,5.76545,61888
1,60222,5.85991,60222
1,58535,5.95223,58535
1,56818,6.04202,56818
1,55078,6.12914,55078
1,53312,6.21328,53312
1,51525,6.29404,51525
1,49713,6.37332,49713
1,47880,6.44862,47880
1,46028,6.52155,46028
1,44152,6.5914,44152
1,42258,6.65778,42258
1,40345,6.72172,40345
1,38415,6.78259,38415
1,36468,6.84044,36468
1,34505,6.89521,34505
1,32527,6.94695,32527
1,30535,6.99552,30535
1,28528,7.04046,28528
1,26510,7.08238,26510
1,24478,7.12143,24478
1,22437,7.15729,22437
1,20386,7.18964,20386
1,18326,7.21911,18326
1,16257,7.24525,16257
1,14182,7.26792,14182
1,12100,7.28757,12100
1,10013,7.30389,10013
1,7921,7.31699,7921
1,5826,7.32676,5826
1,3729,7.33326,3729
1,1630,7.33643,1630
1,-470,7.33633,-468
1,-2570,7.33291,-2568
1,-4669,7.32631,-4667
1,-6765,7.31624,-6763
1,-8859,7.3025,-8857
1,-10949,7.28593,-10947
1,-13033,7.26624,-13031
1,-15112,7.24317,-15110
1,-17185,7.21673,-17183
1,-19250,7.18711,-19248
1,-21306,7.15432,-21304
1,-23353,7.11855,-23351
1,-25390,7.07931,-25388
1,-27415,7.03689,-27413
1,-29428,6.9917,-29426
1,-31428,6.94253,-31426
1,-33415,6.89094,-33413
1,-35388,6.83553,-35386
1,-37342,6.77753,-37340
1,-39282,6.71696,-39280
1,-41205,6.65287,-41203
1,-43110,6.58569,-43108
1,-44995,6.51565,-44993
1,-46860,6.44272,-46858
1,-48705,6.36657,-48703
1,-50527,6.28769,-50525
1,-52328,6.20673,-52326
1,-54108,6.12229,-54106
1,-55860,6.03508,-55858
1,-57590,5.94524,-57588
1,-59295,5.85262,-59293
1,-60972,5.75742,-60970
1,-62622,5.66008,-62620
1,-64245,5.55967,-64243
1,-65840,5.45668,-65838
1,-67408,5.35126,-67406
1,-68942,5.24346,-68940
1,-70450,5.13328,-70448
1,-71922,5.02176,-71920
1,-73368,4.90602,-73366
1,-74778,4.78879,-74776
1,-76155,4.67057,-76153
1,-77500,4.54839,-77498
1,-78810,4.426,-78808
1,-80085,4.30059,-80083
1,-81325,4.17324,-81323
1,-82528,4.04401,-82526
1,-83695,3.91294,-83693
1,-84828,3.78088,-84826
1,-85920,3.64604,-85918
1,-86975,3.50981,-86973
1,-87992,3.37309,-87990
1,-88970,3.2325,-88968
1,-89910,3.09156,-89908
1,-90810,2.95042,-90808
1,-91668,2.80556,-91666
1,-92488,2.66154,-92486
1,-93265,2.51529,-93263
1,-94002,2.36795,-94000
1,-94698,2.21957,-94696
1,-95352,2.0699,-95350
1,-95962,1.92063,-95960
1,-96532,1.76917,-96530
1,-97060,1.61692,-97058
1,-97545,1.46487,-97543
1,-97985,1.31108,-97983
1,-98382,1.15669,-98380
1,-98738,1.00057,-98736
1,-99048,0.84648,-99046
1,-99315,0.69061,-99313
1,-99538,0.53419,-99536
1,-99718,0.37778,-99716
1,-99852,0.2218,-99850
1,-99945,0.06499,-99943
1,-99992,-0.09173,-99990
1,-99995,-0.24755,-99993
1,-99955,-0.40451,-99953
1,-99870,-0.56143,-99868
1,-99742,-0.7181,-99740
1,-99568,-0.876,-99566
1,-99352,-1.03118,-99350
1,-99092,-1.1871,-99090
1,-98788,-1.34263,-98786
1,-98440,-1.49622,-98438
1,-98048,-1.6505,-98046
1,-97612,-1.80548,-97610
1,-97135,-1.95704,-97133
1,-96615,-2.11033,-96613
1,-96052,-2.26065,-96050
1,-95448,-2.41107,-95446
1,-94800,-2.56049,-94798
1,-94110,-2.70882,-94108
1,-93380,-2.85616,-93378
1,-92608,-3.00231,-92606
1,-91795,-3.14588,-91793
1,-90942,-3.2894,-90940
1,-90048,-3.43312,-90046
1,-89115,-3.57381,-89113
1,-88142,-3.71177,-88140
1,-87132,-3.84944,-87130
1,-86082,-3.98552,-86080
1,-84995,-4.12671,-84993
1,-83870,-4.25946,-83868
1,-82708,-4.39033,-82706
1,-81510,-4.51922,-81508
1,-80275,-4.64557,-80273
1,-79005,-4.76964,-79003
1,-77700,-4.89267,-77698
1,-76360,-5.01372,-76358
1,-74988,-5.13259,-74986
1,-73582,-5.24932,-73580
1,-72145,-5.36292,-72143
1,-70675,-5.47499,-70673
1,-69172,-5.58502,-69170
1,-67642,-5.69258,-67640
1,-66080,-5.79671,-66078
1,-64490,-5.8992,-64488
1,-62870,-5.99921,-62868
1,-61225,-6.09669,-61223
1,-59550,-6.1916,-59548
1,-57850,-6.28382,-57848
1,-56125,-6.37208,-56123
1,-54375,-6.45899,-54373
1,-52600,-6.54298,-52598
1,-50803,-6.62494,-50801
1,-48982,-6.70332,-48980
1,-47140,-6.77887,-47138
1,-45278,-6.85155,-45276
1,-43398,-6.9212,-43396
1,-41495,-6.98748,-41493
1,-39575,-7.05118,-39573
1,-37638,-7.11185,-37636
1,-35685,-7.1694,-35683
1,-33715,-7.22397,-33713
1,-31730,-7.27541,-31728
1,-29732,-7.32378,-29730
1,-27720,-7.36893,-27718
1,-25698,-7.4107,-25696
1,-23662,-7.44949,-23660
1,-21617,-7.48511,-21615
1,-19562,-7.51721,-19560
1,-17498,-7.54633,-17496
1,-15427,-7.57228,-15425
1,-13349,-7.59495,-13347
1,-11265,-7.6141,-11263
1,-9176,-7.63022,-9174
1,-7083,-7.64307,-7081
1,-4987,-7.65264,-4985
1,-2888,-7.65884,-2886
1,-789,-7.66182,-787
1,1311,-7.66142,1311
1,3410,-7.65775,3410
1,5508,-7.65081,5508
1,7604,-7.64064,7604
1,9696,-7.62709,9696
1,11784,-7.61028,11784
1,13866,-7.59023,13866
1,15943,-7.56692,15943
1,18012,-7.54033,18012
1,20074,-7.51046,20074
1,22126,-7.47737,22126
1,24170,-7.44116,24170
1,26202,-7.40157,26202
1,28222,-7.35896,28222
1,30230,-7.31317,30230
1,32225,-7.2641,32225
1,34208,-7.21206,34208
1,36172,-7.1569,36172
1,38122,-7.09856,38122
1,40055,-7.03724,40055
1,41970,-6.9724,41970
1,43868,-6.90543,43868
1,45742,-6.83573,45742
1,47600,-6.7625,47600
1,49438,-6.68635,49438
1,51252,-6.60464,51252
1,53042,-6.51996,53042
1,54812,-6.4323,54812
1,56555,-6.34499,56555
1,58275,-6.2548,58275
1,59970,-6.16054,59970
1,61635,-6.06485,61635
1,63275,-5.96687,63275
1,64887,-5.8672,64887
1,66472,-5.76406,66472
1,68025,-5.65939,68025
1,69550,-5.55129,69550
1,71042,-5.44111,71042
1,72505,-5.32844,72505
1,73935,-5.2132,73935
1,75332,-5.09508,75332
1,76698,-4.97686,76698
1,78028,-4.85547,78028
1,79325,-4.73189,79325
1,80585,-4.60628,80585
1,81810,-4.47898,81810
1,83000,-4.3497,83000
1,84152,-4.21923,84152
1,85270,-4.08622,85270
1,86348,-3.95149,86348
1,87388,-3.81516,87388
1,88390,-3.67715,88390
1,89352,-3.53874,89352
1,90275,-3.39794,90275
1,91158,-3.25433,91158
1,92000,-3.11145,92000
1,92805,-2.96664,92805
1,93565,-2.82034,93565
1,94285,-2.67166,94285
1,94965,-2.52308,94965
1,95602,-2.37346,95602
1,96198,-2.22285,96198
1,96750,-2.07139,96750
1,97260,-1.9179,97260
1,97725,-1.7658,97725
1,98150,-1.61206,98150
1,98530,-1.45916,98530
1,98867,-1.30413,98867
1,99160,-1.14846,99160
1,99410,-0.99387,99410
1,99615,-0.8376,99615
1,99778,-0.68074,99778
1,99895,-0.52402,99895
1,99970,-0.36701,99968
2,100000,-0.1969,99969
2,99978,-0.04013,99978
2,99910,0.12214,99910
2,99797,0.28014,99797
2,99642,0.43676,99642
2,99445,0.59159,99445
2,99200,0.74746,99200
2,98915,0.90284,98915
2,98582,1.05688,98582
2,98210,1.21101,98210
2,97792,1.36465,97792
2,97332,1.51775,97332
2,96830,1.66861,96830
2,96282,1.81997,96282
2,95695,1.97039,95695
2,95065,2.11867,95065
2,94392,2.2674,94392
2,93677,2.41479,93677
2,92922,2.55965,92922
2,92125,2.70431,92125
2,91288,2.84788,91288
2,90410,2.98991,90410
2,89495,3.13075,89495
2,88538,3.2701,88538
2,87543,3.40702,87543
2,86508,3.54315,86508
2,85435,3.67749,85435
2,84325,3.81015,84325
2,83178,3.94117,83178
2,81992,4.0702,81992
2,80772,4.19755,80772
2,79518,4.32167,79518
2,78228,4.44525,78228
2,76902,4.56545,76902
2,75542,4.68471,75542
2,74150,4.80159,74150
2,72725,4.91619,72725
2,71268,5.02761,71268
2,69778,5.13765,69778
2,68258,5.24465,68258
2,66710,5.34983,66710
2,65130,5.45252,65130
2,63522,5.55273,63522
2,61888,5.65041,61888
2,60222,5.7462,60222
2,58535,5.83783,58535
2,56818,5.92758,56818
2,55078,6.01409,55078
2,53312,6.09828,53312
2,51525,6.17979,51525
2,49713,6.25842,49713
2,47880,6.33358,47880
2,46028,6.40641,46028
2,44152,6.47626,44152
2,42258,6.54323,42258
2,40345,6.60722,40345
2,38415,6.66814,38415
2,36468,6.72599,36468
2,34505,6.78036,34505
2,32527,6.83205,32527
2,30535,6.88097,30535
2,28528,6.92596,28528
2,26510,6.96858,26510
2,24478,7.00797,24478
2,22437,7.04354,22437
2,20386,7.07618,20386
2,18326,7.10555,18326
2,16257,7.1315,16257
2,14182,7.15442,14182
2,12100,7.17406,12100
2,10013,7.19043,10013
2,7921,7.20363,7921
2,5826,7.21325,5826
2,3729,7.21975,3729
2,1630,7.22293,1630
2,-470,7.22283,-468
2,-2570,7.21945,-2568
2,-4669,7.21271,-4667
2,-6765,7.20269,-6763
2,-8859,7.18944,-8857
2,-10949,7.17282,-10947
2,-13033,7.15298,-13031
2,-15112,7.12991,-15110
2,-17185,7.10357,-17183
2,-19250,7.07395,-19248
2,-21306,7.04136,-21304
2,-23353,7.00529,-23351
2,-25390,6.966,-25388
2,-27415,6.92348,-27413
2,-29428,6.87784,-29426
2,-31428,6.82913,-31426
2,-33415,6.77724,-33413
2,-35388,6.72222,-35386
2,-37342,6.66413,-37340
2,-39282,6.60306,-39280
2,-41205,6.53951,-41203
2,-43110,6.47224,-43108
2,-44995,6.40204,-44993
2,-46860,6.32966,-46858
2,-48705,6.25306,-48703
2,-50527,6.17483,-50525
2,-52328,6.09327,-52326
2,-54108,6.00874,-54106
2,-55860,5.92222,-55858
2,-57590,5.83203,-57588
2,-59295,5.73941,-59293
2,-60972,5.64416,-60970
2,-62622,5.54628,-62620
2,-64245,5.44676,-64243
2,-65840,5.34392,-65838
2,-67408,5.2386,-67406
2,-68942,5.13085,-68940
2,-70450,5.02032,-70448
2,-71922,4.90875,-71920
2,-73368,4.79395,-73366
2,-74778,4.67692,-74776
2,-76155,4.55761,-76153
2,-77500,4.43721,-77498
2,-78810,4.31388,-78808
2,-80085,4.18738,-80083
2,-81325,4.06192,-81323
2,-82528,3.93283,-82526
2,-83695,3.80167,-83693
2,-84828,3.66886,-84826
2,-85920,3.53531,-85918
2,-86975,3.39889,-86973
2,-87992,3.26107,-87990
2,-88970,3.12241,-88968
2,-89910,2.98157,-89908
2,-90810,2.83919,-90808
2,-91668,2.69672,-91666
2,-92488,2.55171,-92486
2,-93265,2.40546,-93263
2,-94002,2.25812,-94000
2,-94698,2.11088,-94696
2,-95352,1.96101,-95350
2,-95962,1.80935,-95960
2,-96532,1.65933,-96530
2,-97060,1.50713,-97058
2,-97545,1.35409,-97543
2,-97985,1.20169,-97983
2,-98382,1.04745,-98380
2,-98738,0.89376,-98736
2,-99048,0.73804,-99046
2,-99315,0.58202,-99313
2,-99538,0.42694,-99536
2,-99718,0.27037,-99716
2,-99852,0.11494,-99850
2,-99945,-0.04187,-99943
2,-99992,-0.19883,-99990
2,-99995,-0.35709,-99993
2,-99955,-0.51172,-99953
2,-99870,-0.66978,-99868
2,-99742,-0.82629,-99740
2,-99568,-0.98286,-99566
2,-99352,-1.13893,-99350
2,-99092,-1.29471,-99090
2,-98788,-1.44894,-98786
2,-98440,-1.60511,-98438
2,-98048,-1.7584,-98046
2,-97612,-1.9119,-97610
2,-97135,-2.06484,-97133
2,-96615,-2.21694,-96613
2,-96052,-2.3683,-96050
2,-95448,-2.51758,-95446
2,-94800,-2.66715,-94798
2,-94110,-2.81662,-94108
2,-93380,-2.96297,-93378
2,-92608,-3.10758,-92606
2,-91795,-3.25254,-91793
2,-90942,-3.39606,-90940
2,-90048,-3.53824,-90046
2,-89115,-3.68131,-89113
2,-88142,-3.82067,-88140
2,-87132,-3.95719,-87130
2,-86082,-4.09367,-86080
2,-84995,-4.22806,-84993
2,-83870,-4.36061,-83868
2,-82708,-4.49153,-82706
2,-81510,-4.62032,-81508
2,-80275,-4.74643,-80273
2,-79005,-4.87149,-79003
2,-77700,-4.99571,-77698
2,-76360,-5.11597,-76358
2,-74988,-5.23483,-74986
2,-73582,-5.3526,-73580
2,-72145,-5.46596,-72143
2,-70675,-5.57912,-70673
2,-69172,-5.69268,-69170
2,-67642,-5.79924,-67640
2,-66080,-5.90505,-66078
2,-64490,-6.00765,-64488
2,-62870,-6.10701,-62868
2,-61225,-6.2044,-61223
2,-59550,-6.29935,-59548
2,-57850,-6.39152,-57848
2,-56125,-6.48047,-56123
2,-54375,-6.56729,-54373
2,-52600,-6.65133,-52598
2,-50803,-6.73259,-50801
2,-48982,-6.81037,-48980
2,-47140,-6.88603,-47138
2,-45278,-6.95861,-45276
2,-43398,-7.02781,-43396
2,-41495,-7.09449,-41493
2,-39575,-7.15824,-39573
2,-37638,-7.21891,-37636
2,-35685,-7.2765,-35683
2,-33715,-7.33112,-33713
2,-31730,-7.38257,-31728
2,-29732,-7.43049,-29730
2,-27720,-7.47569,-27718
2,-25698,-7.51776,-25696
2,-23662,-7.5569,-23660
2,-21617,-7.59222,-21615
2,-19562,-7.62466,-19560
2,-17498,-7.65388,-17496
2,-15427,-7.67963,-15425
2,-13349,-7.7025,-13347
2,-11265,-7.72185,-11263
2,-9176,-7.73797,-9174
2,-7083,-7.75067,-7081
2,-4987,-7.76025,-4985
2,-2888,-7.7665,-2886
2,-789,-7.76942,-787
2,1311,-7.76908,1311
2,3410,-7.76545,3410
2,5508,-7.75856,5508
2,7604,-7.74829,7604
2,9696,-7.73465,9696
2,11784,-7.71783,11784
2,13866,-7.69774,13866
2,15943,-7.67452,15943
2,18012,-7.64788,18012
2,20074,-7.61807,20074
2,22126,-7.58498,22126
2,24170,-7.54871,24170
2,26202,-7.50922,26202
2,28222,-7.46661,28222
2,30230,-7.42112,30230
2,32225,-7.37205,32225
2,34208,-7.31991,34208
2,36172,-7.2647,36172
2,38122,-7.20656,38122
2,40055,-7.14519,40055
2,41970,-7.08089,41970
2,43868,-7.01357,43868
2,45742,-6.94387,45742
2,47600,-6.87055,47600
2,49438,-6.7944,49438
2,51252,-6.71597,51252
2,53042,-6.63426,53042
2,54812,-6.54958,54812
2,56555,-6.46217,56555
2,58275,-6.37203,58275
2,59970,-6.27926,59970
2,61635,-6.18361,61635
2,63275,-6.08553,63275
2,64887,-5.98572,64887
2,66472,-5.88263,66472
2,68025,-5.77627,68025
2,69550,-5.66926,69550
2,71042,-5.55893,71042
2,72505,-5.44617,72505
2,73935,-5.33192,73935
2,75332,-5.21375,75332
2,76698,-5.09439,76698
2,78028,-4.97091,78028
2,79325,-4.84748,79325
2,80585,-4.72296,80585
2,81810,-4.59566,81810
2,83000,-4.46633,83000
2,84152,-4.33586,84152
2,85270,-4.20286,85270
2,86348,-4.06812,86348
2,87388,-3.93298,87388
2,88390,-3.79497,88390
2,89352,-3.65527,89352
2,90275,-3.51428,90275
2,91158,-3.3719,91158
2,92000,-3.22769,92000
2,92805,-3.08367,92805
2,93565,-2.93737,93565
2,94285,-2.78993,94285
2,94965,-2.64125,94965
2,95602,-2.49282,95602
2,96198,-2.34231,96198
2,96750,-2.19204,96750
2,97260,-2.03954,97260
2,97725,-1.88645,97725
2,98150,-1.73395,98150
2,98530,-1.57966,98530
2,98867,-1.42478,98867
2,99160,-1.26926,99160
2,99410,-1.11338,99410
2,99615,-0.95716,99615
2,99778,-0.80035,99778
2,99895,-0.64477,99895
2,99970,-0.48781,99968
3,100000,-0.31537,99970
3,99978,-0.15974,99978
3,99910,-0.00278,99910
3,99797,0.15389,99797
3,99642,0.31581,99642
3,99445,0.47213,99445
3,99200,0.62801,99200
3,98915,0.78209,98915
3,98582,0.93732,98582
3,98210,1.09151,98210
3,97792,1.24524,97792
3,97332,1.39839,97332
3,96830,1.5493,96830
3,96282,1.70056,96282
3,95695,1.85107,95695
3,95065,2.00045,95065
3,94392,2.14928,94392
3,93677,2.29652,93677
3,92922,2.44247,92922
3,92125,2.58748,92125
3,91288,2.72981,91288
3,90410,2.87209,90410
3,89495,3.01288,89495
3,88538,3.15322,88538
3,87543,3.29014,87543
3,86508,3.42632,86508
3,85435,3.55967,85435
3,84325,3.69347,84325
3,83178,3.82325,83178
3,81992,3.95238,81992
3,80772,4.07958,80772
3,79518,4.20697,79518
3,78228,4.32946,78228
3,76902,4.45066,76902
3,75542,4.56863,75542
3,74150,4.68655,74150
3,72725,4.80015,72725
3,71268,4.91252,71268
3,69778,5.0226,69778
3,68258,5.13025,68258
3,66710,5.23572,66710
3,65130,5.33757,65130
3,63522,5.43783,63522
3,61888,5.53551,61888
3,60222,5.62977,60222
3,58535,5.72214,58535
3,56818,5.81184,56818
3,55078,5.8989,55078
3,53312,5.98334,53312
3,51525,6.06475,51525
3,49713,6.14273,49713
3,47880,6.21854,47880
3,46028,6.29077,46028
3,44152,6.36067,44152
3,42258,6.42764,42258
3,40345,6.49109,40345
3,38415,6.55196,38415
3,36468,6.60985,36468
3,34505,6.66462,34505
3,32527,6.71637,32527
3,30535,6.76483,30535
3,28528,6.81023,28528
3,26510,6.85239,26510
3,24478,6.89119,24478
3,22437,6.92676,22437
3,20386,6.9594,20386
3,18326,6.98877,18326
3,16257,7.01491,16257
3,14182,7.03783,14182
3,12100,7.05758,12100
3,10013,7.0739,10013
3,7921,7.0869,7921
3,5826,7.09677,5826
3,3729,7.10322,3729
3,1630,7.10664,1630
3,-470,7.10654,-468
3,-2570,7.10317,-2568
3,-4669,7.09652,-4667
3,-6765,7.0865,-6763
3,-8859,7.07326,-8857
3,-10949,7.05654,-10947
3,-13033,7.03679,-13031
3,-15112,7.01387,-15110
3,-17185,6.98748,-17183
3,-19250,6.95786,-19248
3,-21306,6.92502,-21304
3,-23353,6.8892,-23351
3,-25390,6.84996,-25388
3,-27415,6.80735,-27413
3,-29428,6.7622,-29426
3,-31428,6.71349,-31426
3,-33415,6.66165,-33413
3,-35388,6.60663,-35386
3,-37342,6.54655,-37340
3,-39282,6.48449,-39280
3,-41205,6.4203,-41203
3,-43110,6.35313,-43108
3,-44995,6.28352,-44993
3,-46860,6.2105,-46858
3,-48705,6.13465,-48703
3,-50527,6.05587,-50525
3,-52328,5.97426,-52326
3,-54108,5.88977,-54106
3,-55860,5.80271,-55858
3,-57590,5.71366,-57588
3,-59295,5.62079,-59293
3,-60972,5.52559,-60970
3,-62622,5.42776,-62620
3,-64245,5.32745,-64243
3,-65840,5.22451,-65838
3,-67408,5.11924,-67406
3,-68942,5.01223,-68940
3,-70450,4.90121,-70448
3,-71922,4.7878,-71920
3,-73368,4.67385,-73366
3,-74778,4.55682,-74776
3,-76155,4.43865,-76153
3,-77500,4.31736,-77498
3,-78810,4.19403,-78808
3,-80085,4.06866,-80083
3,-81325,3.94236,-81323
3,-82528,3.81278,-82526
3,-83695,3.68166,-83693
3,-84828,3.54866,-84826
3,-85920,3.41387,-85918
3,-86975,3.27878,-86973
3,-87992,3.13635,-87990
3,-88970,2.9968,-88968
3,-89910,2.85586,-89908
3,-90810,2.71472,-90808
3,-91668,2.57066,-91666
3,-92488,2.42585,-92486
3,-93265,2.2796,-93263
3,-94002,2.13226,-94000
3,-94698,1.98373,-94696
3,-95352,1.82915,-95350
3,-95962,1.67853,-95960
3,-96532,1.52732,-96530
3,-97060,1.37641,-97058
3,-97545,1.22292,-97543
3,-97985,1.07032,-97983
3,-98382,0.91475,-98380
3,-98738,0.76116,-98736
3,-99048,0.60568,-99046
3,-99315,0.44981,-99313
3,-99538,0.29354,-99536
3,-99718,0.13707,-99716
3,-99852,-0.01875,-99850
3,-99945,-0.17562,-99943
3,-99992,-0.33263,-99990
3,-99995,-0.49079,-99993
3,-99955,-0.64641,-99953
3,-99870,-0.80342,-99868
3,-99742,-0.95994,-99740
3,-99568,-1.11636,-99566
3,-99352,-1.27303,-99350
3,-99092,-1.4288,-99090
3,-98788,-1.58428,-98786
3,-98440,-1.73906,-98438
3,-98048,-1.89339,-98046
3,-97612,-2.04693,-97610
3,-97135,-2.19973,-97133
3,-96615,-2.35178,-96613
3,-96052,-2.50195,-96050
3,-95448,-2.65251,-95446
3,-94800,-2.80194,-94798
3,-94110,-2.94913,-94108
3,-93380,-3.09632,-93378
3,-92608,-3.24247,-92606
3,-91795,-3.38738,-91793
3,-90942,-3.5308,-90940
3,-90048,-3.67204,-90046
3,-89115,-3.81263,-89113
3,-88142,-3.95198,-88140
3,-87132,-4.0896,-87130
3,-86082,-4.22568,-86080
3,-84995,-4.35903,-84993
3,-83870,-4.49178,-83868
3,-82708,-4.62275,-82706
3,-81510,-4.75213,-81508
3,-80275,-4.87819,-80273
3,-79005,-5.00335,-79003
3,-77700,-5.12658,-77698
3,-76360,-5.24753,-76358
3,-74988,-5.36545,-74986
3,-73582,-5.48228,-73580
3,-72145,-5.59594,-72143
3,-70675,-5.70801,-70673
3,-69172,-5.81873,-69170
3,-67642,-5.92614,-67640
3,-66080,-6.03121,-66078
3,-64490,-6.13375,-64488
3,-62870,-6.23381,-62868
3,-61225,-6.3313,-61223
3,-59550,-6.4262,-59548
3,-57850,-6.51783,-57848
3,-56125,-6.60727,-56123
3,-54375,-6.69409,-54373
3,-52600,-6.77823,-52598
3,-50803,-6.85944,-50801
3,-48982,-6.93723,-48980
3,-47140,-7.01283,-47138
3,-45278,-7.086,-45276
3,-43398,-7.15521,-43396
3,-41495,-7.22193,-41493
3,-39575,-7.28563,-39573
3,-37638,-7.34635,-37636
3,-35685,-7.40341,-35683
3,-33715,-7.45798,-33713
3,-31730,-7.50942,-31728
3,-29732,-7.55744,-29730
3,-27720,-7.60264,-27718
3,-25698,-7.64495,-25696
3,-23662,-7.6835,-23660
3,-21617,-7.71907,-21615
3,-19562,-7.75146,-19560
3,-17498,-7.78039,-17496
3,-15427,-7.80628,-15425
3,-13349,-7.829,-13347
3,-11265,-7.84845,-11263
3,-9176,-7.86452,-9174
3,-7083,-7.87737,-7081
3,-4987,-7.88685,-4985
3,-2888,-7.8931,-2886
3,-789,-7.89608,-787
3,1311,-7.89568,1311
3,3410,-7.89206,3410
3,5508,-7.88516,5508
3,7604,-7.87494,7604
3,9696,-7.86145,9696
3,11784,-7.84463,11784
3,13866,-7.82454,13866
3,15943,-7.80122,15943
3,18012,-7.77463,18012
3,20074,-7.74502,20074
3,22126,-7.71198,22126
3,24170,-7.67576,24170
3,26202,-7.63622,26202
3,28222,-7.59386,28222
3,30230,-7.54802,30230
3,32225,-7.499,32225
3,34208,-7.44691,34208
3,36172,-7.392,36172
3,38122,-7.3338,38122
3,40055,-7.27249,40055
3,41970,-7.20879,41970
3,43868,-7.14147,43868
3,45742,-7.07117,45742
3,47600,-6.99795,47600
3,49438,-6.9219,49438
3,51252,-6.84332,51252
3,53042,-6.76156,53042
3,54812,-6.67693,54812
3,56555,-6.58961,56555
3,58275,-6.50032,58275
3,59970,-6.4075,59970
3,61635,-6.31294,61635
3,63275,-6.21392,63275
3,64887,-6.11396,64887
3,66472,-6.01166,66472
3,68025,-5.90619,68025
3,69550,-5.79909,69550
3,71042,-5.68876,71042
3,72505,-5.57515,72505
3,73935,-5.4612,73935
3,75332,-5.34372,75332
3,76698,-5.22451,76698
3,78028,-5.10312,78028
3,79325,-4.97959,79325
3,80585,-4.85413,80585
3,81810,-4.72673,81810
3,83000,-4.59844,83000
3,84152,-4.46742,84152
3,85270,-4.33412,85270
3,86348,-4.19938,86348
3,87388,-4.06301,87388
3,88390,-3.92623,88390
3,89352,-3.78688,89352
3,90275,-3.63979,90275
3,91158,-3.49865,91158
3,92000,-3.35483,92000
3,92805,-3.20973,92805
3,93565,-3.06308,93565
3,94285,-2.91703,94285
3,94965,-2.76721,94965
3,95602,-2.61873,95602
3,96198,-2.46792,96198
3,96750,-2.3111,96750
3,97260,-2.1588,97260
3,97725,-2.00462,97725
3,98150,-1.85083,98150
3,98530,-1.69738,98530
3,98867,-1.54231,98867
3,99160,-1.38668,99160
3,99410,-1.23076,99410
3,99615,-1.07583,99615
3,99778,-0.91926,99778
3,99895,-0.76255,99895
3,99970,-0.60563,99967
4,100000,-0.43433,99969
4,99978,-0.27737,99978
4,99910,-0.12134,99910
4,99797,0.03527,99797
4,99642,0.19164,99642
4,99445,0.35461,99445
4,99200,0.51018,99200
4,98915,0.66432,98915
4,98582,0.82034,98582
4,98210,0.97329,98210
4,97792,1.12708,97792
4,97332,1.27913,97332
4,96830,1.43138,96830
4,96282,1.58269,96282
4,95695,1.73315,95695
4,95065,1.88139,95065
4,94392,2.02982,94392
4,93677,2.17716,93677
4,92922,2.32316,92922
4,92125,2.46727,92125
4,91288,2.60965,91288
4,90410,2.75193,90410
4,89495,2.89267,89495
4,88538,3.03689,88538
4,87543,3.17356,87543
4,86508,3.31068,86508
4,85435,3.44393,85435
4,84325,3.57713,84325
4,83178,3.7081,83178
4,81992,3.83724,81992
4,80772,3.96349,80772
4,79518,4.08876,79518
4,78228,4.21198,78228
4,76902,4.33323,76902
4,75542,4.45145,75542
4,74150,4.56858,74150
4,72725,4.68322,72725
4,71268,4.79554,71268
4,69778,4.90562,69778
4,68258,5.01228,68258
4,66710,5.11755,66710
4,65130,5.2202,65130
4,63522,5.32041,63522
4,61888,5.41749,61888
4,60222,5.51259,60222
4,58535,5.60348,58535
4,56818,5.69233,56818
4,55078,5.77865,55078
4,53312,5.86437,53312
4,51525,5.94583,51525
4,49713,6.02446,49713
4,47880,6.09982,47880
4,46028,6.1727,46028
4,44152,6.24265,44152
4,42258,6.30962,42258
4,40345,6.37297,40345
4,38415,6.43389,38415
4,36468,6.49178,36468
4,34505,6.54621,34505
4,32527,6.59785,32527
4,30535,6.64637,30535
4,28528,6.69176,28528
4,26510,6.73363,26510
4,24478,6.77272,24478
4,22437,6.80859,22437
4,20386,6.84123,20386
4,18326,6.87065,18326
4,16257,6.8966,16257
4,14182,6.91942,14182
4,12100,6.93906,12100
4,10013,6.95538,10013
4,7921,6.96833,7921
4,5826,6.97815,5826
4,3729,6.9846,3729
4,1630,6.98778,1630
4,-470,6.98768,-468
4,-2570,6.98426,-2568
4,-4669,6.97756,-4667
4,-6765,6.96764,-6763
4,-8859,6.95434,-8857
4,-10949,6.93777,-10947
4,-13033,6.91808,-13031
4,-15112,6.89496,-15110
4,-17185,6.86857,-17183
4,-19250,6.83895,-19248
4,-21306,6.80616,-21304
4,-23353,6.77034,-23351
4,-25390,6.7311,-25388
4,-27415,6.68868,-27413
4,-29428,6.64314,-29426
4,-31428,6.59423,-31426
4,-33415,6.54283,-33413
4,-35388,6.48786,-35386
4,-37342,6.42977,-37340
4,-39282,6.3687,-39280
4,-41205,6.30456,-41203
4,-43110,6.23739,-43108
4,-44995,6.16793,-44993
4,-46860,6.09481,-46858
4,-48705,6.01881,-48703
4,-50527,5.94003,-50525
4,-52328,5.85837,-52326
4,-54108,5.77384,-54106
4,-55860,5.68667,-55858
4,-57590,5.59673,-57588
4,-59295,5.5049,-59293
4,-60972,5.40941,-60970
4,-62622,5.31073,-62620
4,-64245,5.21117,-64243
4,-65840,5.10828,-65838
4,-67408,5.00196,-67406
4,-68942,4.88975,-68940
4,-70450,4.77584,-70448
4,-71922,4.66328,-71920
4,-73368,4.54863,-73366
4,-74778,4.43161,-74776
4,-76155,4.31314,-76153
4,-77500,4.19184,-77498
4,-78810,4.06946,-78808
4,-80085,3.94414,-80083
4,-81325,3.8168,-81323
4,-82528,3.68751,-82526
4,-83695,3.55645,-83693
4,-84828,3.42374,-84826
4,-85920,3.28999,-85918
4,-86975,3.15387,-86973
4,-87992,3.01476,-87990
4,-88970,2.8764,-88968
4,-89910,2.73546,-89908
4,-90810,2.59308,-90808
4,-91668,2.44941,-91666
4,-92488,2.30441,-92486
4,-93265,2.15786,-93263
4,-94002,2.01171,-94000
4,-94698,1.86318,-94696
4,-95352,1.71341,-95350
4,-95962,1.56294,-95960
4,-96532,1.41292,-96530
4,-97060,1.25928,-97058
4,-97545,1.10743,-97543
4,-97985,0.95334,-97983
4,-98382,0.79916,-98380
4,-98738,0.64418,-98736
4,-99048,0.4887,-99046
4,-99315,0.33288,-99313
4,-99538,0.17661,-99536
4,-99718,0.02004,-99716
4,-99852,-0.13524,-99850
4,-99945,-0.29265,-99943
4,-99992,-0.44956,-99990
4,-99995,-0.60662,-99993
4,-99955,-0.7623,-99953
4,-99870,-0.91936,-99868
4,-99742,-1.07598,-99740
4,-99568,-1.23264,-99566
4,-99352,-1.38886,-99350
4,-99092,-1.54389,-99090
4,-98788,-1.69912,-98786
4,-98440,-1.85395,-98438
4,-98048,-2.00829,-98046
4,-97612,-2.16188,-97610
4,-97135,-2.31462,-97133
4,-96615,-2.46668,-96613
4,-96052,-2.61779,-96050
4,-95448,-2.76736,-95446
4,-94800,-2.91673,-94798
4,-94110,-3.06512,-94108
4,-93380,-3.21126,-93378
4,-92608,-3.35731,-92606
4,-91795,-3.50217,-91793
4,-90942,-3.64569,-90940
4,-90048,-3.78916,-90046
4,-89115,-3.92896,-89113
4,-88142,-4.06688,-88140
4,-87132,-4.20459,-87130
4,-86082,-4.34052,-86080
4,-84995,-4.47496,-84993
4,-83870,-4.60757,-83868
4,-82708,-4.73839,-82706
4,-81510,-4.86842,-81508
4,-80275,-4.99368,-80273
4,-79005,-5.11874,-79003
4,-77700,-5.24188,-77698
4,-76360,-5.36183,-76358
4,-74988,-5.48074,-74986
4,-73582,-5.59748,-73580
4,-72145,-5.71192,-72143
4,-70675,-5.82345,-70673
4,-69172,-5.93323,-69170
4,-67642,-6.04064,-67640
4,-66080,-6.14561,-66078
4,-64490,-6.24805,-64488
4,-62870,-6.34816,-62868
4,-61225,-6.44565,-61223
4,-59550,-6.5405,-59548
4,-57850,-6.63292,-57848
4,-56125,-6.72177,-56123
4,-54375,-6.80849,-54373
4,-52600,-6.89243,-52598
4,-50803,-6.97364,-50801
4,-48982,-7.05207,-48980
4,-47140,-7.12763,-47138
4,-45278,-7.20026,-45276
4,-43398,-7.26946,-43396
4,-41495,-7.33614,-41493
4,-39575,-7.39978,-39573
4,-37638,-7.46259,-37636
4,-35685,-7.52019,-35683
4,-33715,-7.57471,-33713
4,-31730,-7.62571,-31728
4,-29732,-7.67397,-29730
4,-27720,-7.71912,-27718
4,-25698,-7.76124,-25696
4,-23662,-7.79973,-23660
4,-21617,-7.83496,-21615
4,-19562,-7.86735,-19560
4,-17498,-7.89652,-17496
4,-15427,-7.92242,-15425
4,-13349,-7.94514,-13347
4,-11265,-7.96454,-11263
4,-9176,-7.98056,-9174
4,-7083,-7.99336,-7081
4,-4987,-8.00293,-4985
4,-2888,-8.00914,-2886
4,-789,-8.01211,-787
4,1311,-8.01172,1311
4,3410,-8.00809,3410
4,5508,-8.0012,5508
4,7604,-7.99103,7604
4,9696,-7.97739,9696
4,11784,-7.96077,11784
4,13866,-7.94053,13866
4,15943,-7.91741,15943
4,18012,-7.89082,18012
4,20074,-7.8607,20074
4,22126,-7.82762,22126
4,24170,-7.7916,24170
4,26202,-7.75211,26202
4,28222,-7.70945,28222
4,30230,-7.66356,30230
4,32225,-7.61454,32225
4,34208,-7.56245,34208
4,36172,-7.50714,36172
4,38122,-7.4489,38122
4,40055,-7.38798,40055
4,41970,-7.32363,41970
4,43868,-7.25696,43868
4,45742,-7.18666,45742
4,47600,-7.11091,47600
4,49438,-7.03486,49438
4,51252,-6.95588,51252
4,53042,-6.87402,53042
4,54812,-6.78989,54812
4,56555,-6.70262,56555
4,58275,-6.61253,58275
4,59970,-6.51971,59970
4,61635,-6.42431,61635
4,63275,-6.32629,63275
4,64887,-6.22568,64887
4,66472,-6.12259,66472
4,68025,-6.01682,68025
4,69550,-5.90902,69550
4,71042,-5.79953,71042
4,72505,-5.68692,72505
4,73935,-5.57193,73935
4,75332,-5.45073,75332
4,76698,-5.32735,76698
4,78028,-5.20596,78028
4,79325,-5.08238,79325
4,80585,-4.95687,80585
4,81810,-4.82927,81810
4,83000,-4.70084,83000
4,84152,-4.56873,84152
4,85270,-4.43676,85270
4,86348,-4.30193,86348
4,87388,-4.1655,87388
4,88390,-4.02749,88390
4,89352,-3.88903,89352
4,90275,-3.74784,90275
4,91158,-3.60665,91158
4,92000,-3.46298,92000
4,92805,-3.31792,92805
4,93565,-3.17163,93565
4,94285,-3.02434,94285
4,94965,-2.87705,94965
4,95602,-2.72623,95602
4,96198,-2.57646,96198
4,96750,-2.42496,96750
4,97260,-2.2727,97260
4,97725,-2.11951,97725
4,98150,-1.96597,98150
4,98530,-1.81159,98530
4,98867,-1.65661,98867
4,99160,-1.50113,99160
4,99410,-1.3461,99410
4,99615,-1.18973,99615
4,99778,-1.03326,99778
4,99895,-0.87759,99895
4,99970,-0.72063,99968
5,100000,-0.54932,99968
5,99978,-0.39231,99978
5,99910,-0.23559,99910
5,99797,-0.08017,99797
5,99642,0.07739,99642
5,99445,0.23257,99445
5,99200,0.38854,99200
5,98915,0.54263,98915
5,98582,0.69756,98582
5,98210,0.8571,98210
5,97792,1.0161,97792
5,97332,1.16895,97332
5,96830,1.3211,96830
5,96282,1.47762,96282
5,95695,1.62823,95695
5,95065,1.77562,95065
5,94392,1.92286,94392
5,93677,2.07134,93677
5,92922,2.21615,92922
5,92125,2.36111,92125
5,91288,2.50473,91288
5,90410,2.64676,90410
5,89495,2.78874,89495
5,88538,2.9273,88538
5,87543,3.06502,87543
5,86508,3.201,86508
5,85435,3.33653,85435
5,84325,3.46928,84325
5,83178,3.59911,83178
5,81992,3.72834,81992
5,80772,3.85559,80772
5,79518,3.98011,79518
5,78228,4.10334,78228
5,76902,4.22449,76902
5,75542,4.3435,75542
5,74150,4.46038,74150
5,72725,4.57488,72725
5,71268,4.6863,71268
5,69778,4.79718,69778
5,68258,4.90334,68258
5,66710,5.00856,66710
5,65130,5.11125,65130
5,63522,5.21151,63522
5,61888,5.31237,61888
5,60222,5.4106,60222
5,58535,5.50307,58535
5,56818,5.59276,56818
5,55078,5.67978,55078
5,53312,5.76421,53312
5,51525,5.84567,51525
5,49713,5.9243,49713
5,47880,5.99996,47880
5,46028,6.07219,46028
5,44152,6.14214,44152
5,42258,6.20906,42258
5,40345,6.27241,40345
5,38415,6.33343,38415
5,36468,6.39127,36468
5,34505,6.44604,34505
5,32527,6.49729,32527
5,30535,6.54581,30535
5,28528,6.59125,28528
5,26510,6.63347,26510
5,24478,6.67251,24478
5,22437,6.70848,22437
5,20386,6.74082,20386
5,18326,6.76999,18326
5,16257,6.79614,16257
5,14182,6.81901,14182
5,12100,6.83865,12100
5,10013,6.85512,10013
5,7921,6.86807,7921
5,5826,6.87779,5826
5,3729,6.88434,3729
5,1630,6.88747,1630
5,-470,6.88737,-468
5,-2570,6.88395,-2568
5,-4669,6.87735,-4667
5,-6765,6.86738,-6763
5,-8859,6.85408,-8857
5,-10949,6.83746,-10947
5,-13033,6.81762,-13031
5,-15112,6.79455,-15110
5,-17185,6.76801,-17183
5,-19250,6.73839,-19248
5,-21306,6.70585,-21304
5,-23353,6.66948,-23351
5,-25390,6.63049,-25388
5,-27415,6.58793,-27413
5,-29428,6.54234,-29426
5,-31428,6.49357,-31426
5,-33415,6.44173,-33413
5,-35388,6.38671,-35386
5,-37342,6.32668,-37340
5,-39282,6.26561,-39280
5,-41205,6.20097,-41203
5,-43110,6.13435,-43108
5,-44995,6.0641,-44993
5,-46860,5.99123,-46858
5,-48705,5.91532,-48703
5,-50527,5.83659,-50525
5,-52328,5.75553,-52326
5,-54108,5.6711,-54106
5,-55860,5.58398,-55858
5,-57590,5.49409,-57588
5,-59295,5.40132,-59293
5,-60972,5.30592,-60970
5,-62622,5.20893,-62620
5,-64245,5.10848,-64243
5,-65840,5.00549,-65838
5,-67408,4.90007,-67406
5,-68942,4.79227,-68940
5,-70450,4.68308,-70448
5,-71922,4.57041,-71920
5,-73368,4.45547,-73366
5,-74778,4.33849,-74776
5,-76155,4.21928,-76153
5,-77500,4.09888,-77498
5,-78810,3.9745,-78808
5,-80085,3.85013,-80083
5,-81325,3.72264,-81323
5,-82528,3.59311,-82526
5,-83695,3.46199,-83693
5,-84828,3.328,-84826
5,-85920,3.19326,-85918
5,-86975,3.05678,-86973
5,-87992,2.91991,-87990
5,-88970,2.78046,-88968
5,-89910,2.63833,-89908
5,-90810,2.49565,-90808
5,-91668,2.35203,-91666
5,-92488,2.20707,-92486
5,-93265,2.06097,-93263
5,-94002,1.91353,-94000
5,-94698,1.765,-94696
5,-95352,1.61548,-95350
5,-95962,1.46492,-95960
5,-96532,1.31445,-96530
5,-97060,1.16225,-97058
5,-97545,1.00915,-97543
5,-97985,0.85546,-97983
5,-98382,0.70252,-98380
5,-98738,0.54754,-98736
5,-99048,0.39206,-99046
5,-99315,0.23748,-99313
5,-99538,0.08071,-99536
5,-99718,-0.0757,-99716
5,-99852,-0.23227,-99850
5,-99945,-0.39325,-99943
5,-99992,-0.55042,-99990
5,-99995,-0.70614,-99993
5,-99955,-0.86449,-99953
5,-99870,-1.02136,-99868
5,-99742,-1.17792,-99740
5,-99568,-1.3335,-99566
5,-99352,-1.48962,-99350
5,-99092,-1.64554,-99090
5,-98788,-1.80087,-98786
5,-98440,-1.95575,-98438
5,-98048,-2.10999,-98046
5,-97612,-2.26348,-97610
5,-97135,-2.41642,-97133
5,-96615,-2.56758,-96613
5,-96052,-2.7177,-96050
5,-95448,-2.86822,-95446
5,-94800,-3.01635,-94798
5,-94110,-3.16473,-94108
5,-93380,-3.31207,-93378
5,-92608,-3.45698,-92606
5,-91795,-3.60308,-91793
5,-90942,-3.74581,-90940
5,-90048,-3.88794,-90046
5,-89115,-4.02863,-89113
5,-88142,-4.16778,-88140
5,-87132,-4.30545,-87130
5,-86082,-4.44039,-86080
5,-84995,-4.57473,-84993
5,-83870,-4.70848,-83868
5,-82708,-4.83865,-82706
5,-81510,-4.96759,-81508
5,-80275,-5.09473,-80273
5,-79005,-5.2198,-79003
5,-77700,-5.34189,-77698
5,-76360,-5.46408,-76358
5,-74988,-5.58289,-74986
5,-73582,-5.69947,-73580
5,-72145,-5.81323,-72143
5,-70675,-5.92529,-70673
5,-69172,-6.03513,-69170
5,-67642,-6.14179,-67640
5,-66080,-6.24761,-66078
5,-64490,-6.35094,-64488
5,-62870,-6.451,-62868
5,-61225,-6.54764,-61223
5,-59550,-6.64265,-59548
5,-57850,-6.73492,-57848
5,-56125,-6.82451,-56123
5,-54375,-6.91128,-54373
5,-52600,-6.99527,-52598
5,-50803,-7.07583,-50801
5,-48982,-7.15432,-48980
5,-47140,-7.22982,-47138
5,-45278,-7.3021,-45276
5,-43398,-7.37175,-43396
5,-41495,-7.43848,-41493
5,-39575,-7.50218,-39573
5,-37638,-7.5629,-37636
5,-35685,-7.62045,-35683
5,-33715,-7.67502,-33713
5,-31730,-7.72636,-31728
5,-29732,-7.77438,-29730
5,-27720,-7.81923,-27718
5,-25698,-7.86125,-25696
5,-23662,-7.90004,-23660
5,-21617,-7.93566,-21615
5,-19562,-7.96811,-19560
5,-17498,-7.99703,-17496
5,-15427,-8.02313,-15425
5,-13349,-8.0455,-13347
5,-11265,-8.06485,-11263
5,-9176,-8.08102,-9174
5,-7083,-8.09382,-7081
5,-4987,-8.10334,-4985
5,-2888,-8.10964,-2886
5,-789,-8.11257,-787
5,1311,-8.11217,1311
5,3410,-8.10855,3410
5,5508,-8.10161,5508
5,7604,-8.09134,7604
5,9696,-8.07794,9696
5,11784,-8.06118,11784
5,13866,-8.04123,13866
5,15943,-8.01792,15943
5,18012,-7.99123,18012
5,20074,-7.96166,20074
5,22126,-7.92857,22126
5,24170,-7.89201,24170
5,26202,-7.85292,26202
5,28222,-7.81025,28222
5,30230,-7.76476,30230
5,32225,-7.7158,32225
5,34208,-7.66395,34208
5,36172,-7.60879,36172
5,38122,-7.55,38122
5,40055,-7.48868,40055
5,41970,-7.42489,41970
5,43868,-7.35469,43868
5,45742,-7.28494,45742
5,47600,-7.21176,47600
5,49438,-7.13566,49438
5,51252,-7.05639,51252
5,53042,-6.97538,53042
5,54812,-6.89069,54812
5,56555,-6.80338,56555
5,58275,-6.71319,58275
5,59970,-6.62042,59970
5,61635,-6.52502,61635
5,63275,-6.42615,63275
5,64887,-6.32604,64887
5,66472,-6.2231,66472
5,68025,-6.11748,68025
5,69550,-6.00953,69550
5,71042,-5.90029,71042
5,72505,-5.78763,72505
5,73935,-5.67377,73935
5,75332,-5.55645,75332
5,76698,-5.43684,76698
5,78028,-5.3154,78028
5,79325,-5.19296,79325
5,80585,-5.06765,80585
5,81810,-4.93921,81810
5,83000,-4.81092,83000
5,84152,-4.6797,84152
5,85270,-4.54094,85270
5,86348,-4.4073,86348
5,87388,-4.27077,87388
5,88390,-4.13395,88390
5,89352,-3.9944,89352
5,90275,-3.85346,90275
5,91158,-3.71103,91158
5,92000,-3.5684,92000
5,92805,-3.42334,92805
5,93565,-3.27586,93565
5,94285,-3.12936,94285
5,94965,-2.98078,94965
5,95602,-2.83126,95602
5,96198,-2.67826,96198
5,96750,-2.52675,96750
5,97260,-2.3743,97260
5,97725,-2.22131,97725
5,98150,-2.06767,98150
5,98530,-1.91413,98530
5,98867,-1.7592,98867
5,99160,-1.60362,99160
5,99410,-1.4478,99410
5,99615,-1.29143,99615
5,99778,-1.13635,99778
5,99895,-0.97949,99895
5,99970,-0.82257,99968
6,100000,-0.65117,99970
6,99978,-0.49411,99978
6,99910,-0.33695,99910
6,99797,-0.18038,99797
6,99642,-0.02361,99642
6,99445,0.13246,99445
6,99200,0.28699,99200
6,98915,0.44257,98915
6,98582,0.59745,98582
6,98210,0.75054,98210
6,97792,0.90453,97792
6,97332,1.05762,97332
6,96830,1.20848,96830
6,96282,1.35964,96282
6,95695,1.51011,95695
6,95065,1.65953,95065
6,94392,1.80777,94392
6,93677,1.95506,93677
6,92922,2.10036,92922
6,92125,2.24537,92125
6,91288,2.38899,91288
6,90410,2.53107,90410
6,89495,2.67067,89495
6,88538,2.81002,88538
6,87543,2.94898,87543
6,86508,3.08392,86508
6,85435,3.21876,85435
6,84325,3.35146,84325
6,83178,3.48109,83178
6,81992,3.61131,81992
6,80772,3.73742,80772
6,79518,3.86269,79518
6,78228,3.98696,78228
6,76902,4.10711,76902
6,75542,4.22647,75542
6,74150,4.34241,74150
6,72725,4.45701,72725
6,71268,4.56848,71268
6,69778,4.67861,69778
6,68258,4.78626,68258
6,66710,4.89153,66710
6,65130,4.99512,65130
6,63522,5.09473,63522
6,61888,5.19241,61888
6,60222,5.28737,60222
6,58535,5.37984,58535
6,56818,5.46953,56818
6,55078,5.5558,55078
6,53312,5.64009,53312
6,51525,5.72224,51525
6,49713,5.80038,49713
6,47880,5.87539,47880
6,46028,5.94826,46028
6,44152,6.01767,44152
6,42258,6.08464,42258
6,40345,6.14854,40345
6,38415,6.20946,38415
6,36468,6.2675,36468
6,34505,6.32172,34505
6,32527,6.37337,32527
6,30535,6.42188,30535
6,28528,6.46728,28528
6,26510,6.50954,26510
6,24478,6.54859,24478
6,22437,6.58445,22437
6,20386,6.6169,20386
6,18326,6.64627,18326
6,16257,6.67241,16257
6,14182,6.69528,14182
6,12100,6.71473,12100
6,10013,6.7311,10013
6,7921,6.7442,7921
6,5826,6.75397,5826
6,3729,6.76042,3729
6,1630,6.76359,1630
6,-470,6.76349,-468
6,-2570,6.76012,-2568
6,-4669,6.75337,-4667
6,-6765,6.74345,-6763
6,-8859,6.73021,-8857
6,-10949,6.71364,-10947
6,-13033,6.69394,-13031
6,-15112,6.67082,-15110
6,-17185,6.64468,-17183
6,-19250,6.61511,-19248
6,-21306,6.58227,-21304
6,-23353,6.54621,-23351
6,-25390,6.50662,-25388
6,-27415,6.4646,-27413
6,-29428,6.41886,-29426
6,-31428,6.37049,-31426
6,-33415,6.3186,-33413
6,-35388,6.26363,-35386
6,-37342,6.20549,-37340
6,-39282,6.14442,-39280
6,-41205,6.08027,-41203
6,-43110,6.01315,-43108
6,-44995,5.9435,-44993
6,-46860,5.87048,-46858
6,-48705,5.79452,-48703
6,-50527,5.71574,-50525
6,-52328,5.63409,-52326
6,-54108,5.54965,-54106
6,-55860,5.46234,-55858
6,-57590,5.3724,-57588
6,-59295,5.28042,-59293
6,-60972,5.18517,-60970
6,-62622,5.08729,-62620
6,-64245,4.98688,-64243
6,-65840,4.88305,-65838
6,-67408,4.77857,-67406
6,-68942,4.67077,-68940
6,-70450,4.56158,-70448
6,-71922,4.44877,-71920
6,-73368,4.33397,-73366
6,-74778,4.21695,-74776
6,-76155,4.09689,-76153
6,-77500,3.9756,-77498
6,-78810,3.84696,-78808
6,-80085,3.7205,-80083
6,-81325,3.5942,-81323
6,-82528,3.46507,-82526
6,-83695,3.3336,-83693
6,-84828,3.2007,-84826
6,-85920,3.06725,-85918
6,-86975,2.93003,-86973
6,-87992,2.79231,-87990
6,-88970,2.65405,-88968
6,-89910,2.51311,-89908
6,-90810,2.37078,-90808
6,-91668,2.22786,-91666
6,-92488,2.08275,-92486
6,-93265,1.9365,-93263
6,-94002,1.78911,-94000
6,-94698,1.64073,-94696
6,-95352,1.49111,-95350
6,-95962,1.34198,-95960
6,-96532,1.19067,-96530
6,-97060,1.03798,-97058
6,-97545,0.88488,-97543
6,-97985,0.73243,-97983
6,-98382,0.57825,-98380
6,-98738,0.42352,-98736
6,-99048,0.26938,-99046
6,-99315,0.11346,-99313
6,-99538,-0.04405,-99536
6,-99718,-0.19973,-99716
6,-99852,-0.35654,-99850
6,-99945,-0.51346,-99943
6,-99992,-0.67052,-99990
6,-99995,-0.82773,-99993
6,-99955,-0.98475,-99953
6,-99870,-1.14166,-99868
6,-99742,-1.29818,-99740
6,-99568,-1.45365,-99566
6,-99352,-1.60997,-99350
6,-99092,-1.7657,-99090
6,-98788,-1.92087,-98786
6,-98440,-2.07581,-98438
6,-98048,-2.23009,-98046
6,-97612,-2.38358,-97610
6,-97135,-2.53777,-97133
6,-96615,-2.68893,-96613
6,-96052,-2.84014,-96050
6,-95448,-2.99045,-95446
6,-94800,-3.13973,-94798
6,-94110,-3.28806,-94108
6,-93380,-3.44026,-93378
6,-92608,-3.58636,-92606
6,-91795,-3.73117,-91793
6,-90942,-3.87469,-90940
6,-90048,-4.01608,-90046
6,-89115,-4.15682,-89113
6,-88142,-4.29483,-88140
6,-87132,-4.4327,-87130
6,-86082,-4.56873,-86080
6,-84995,-4.70317,-84993
6,-83870,-4.83473,-83868
6,-82708,-4.96476,-82706
6,-81510,-5.09354,-81508
6,-80275,-5.21955,-80273
6,-79005,-5.34452,-79003
6,-77700,-5.46745,-77698
6,-76360,-5.58845,-76358
6,-74988,-5.70731,-74986
6,-73582,-5.82404,-73580
6,-72145,-5.93874,-72143
6,-70675,-6.05081,-70673
6,-69172,-6.16069,-69170
6,-67642,-6.26814,-67640
6,-66080,-6.37218,-66078
6,-64490,-6.47477,-64488
6,-62870,-6.57473,-62868
6,-61225,-6.67231,-61223
6,-59550,-6.76657,-59548
6,-57850,-6.85884,-57848
6,-56125,-6.94834,-56123
6,-54375,-7.0352,-54373
6,-52600,-7.11934,-52598
6,-50803,-7.2006,-50801
6,-48982,-7.27834,-48980
6,-47140,-7.3539,-47138
6,-45278,-7.42603,-45276
6,-43398,-7.49578,-43396
6,-41495,-7.5625,-41493
6,-39575,-7.6261,-39573
6,-37638,-7.68628,-37636
6,-35685,-7.74432,-35683
6,-33715,-7.79835,-33713
6,-31730,-7.84984,-31728
6,-29732,-7.89831,-29730
6,-27720,-7.94345,-27718
6,-25698,-7.98542,-25696
6,-23662,-8.02422,-23660
6,-21617,-8.05984,-21615
6,-19562,-8.09223,-19560
6,-17498,-8.12135,-17496
6,-15427,-8.14705,-15425
6,-13349,-8.16977,-13347
6,-11265,-8.18917,-11263
6,-9176,-8.20529,-9174
6,-7083,-8.21799,-7081
6,-4987,-8.22757,-4985
6,-2888,-8.23382,-2886
6,-789,-8.23674,-787
6,1311,-8.2364,1311
6,3410,-8.23278,3410
6,5508,-8.22583,5508
6,7604,-8.21561,7604
6,9696,-8.20212,9696
6,11784,-8.1853,11784
6,13866,-8.16526,13866
6,15943,-8.14189,15943
6,18012,-8.1153,18012
6,20074,-8.08568,20074
6,22126,-8.05259,22126
6,24170,-8.01633,24170
6,26202,-7.97724,26202
6,28222,-7.93447,28222
6,30230,-7.88863,30230
6,32225,-7.83962,32225
6,34208,-7.78753,34208
6,36172,-7.73266,36172
6,38122,-7.67447,38122
6,40055,-7.61365,40055
6,41970,-7.54926,41970
6,43868,-7.48194,43868
6,45742,-7.41164,45742
6,47600,-7.33842,47600
6,49438,-7.26167,49438
6,51252,-7.18309,51252
6,53042,-7.10133,53042
6,54812,-7.01735,54812
6,56555,-6.92993,56555
6,58275,-6.83979,58275
6,59970,-6.74687,59970
6,61635,-6.65227,61635
6,63275,-6.55474,63275
6,64887,-6.45423,64887
6,66472,-6.35109,66472
6,68025,-6.24557,68025
6,69550,-6.13772,69550
6,71042,-6.02754,71042
6,72505,-5.91468,72505
6,73935,-5.79978,73935
6,75332,-5.68335,75332
6,76698,-5.56404,76698
6,78028,-5.44255,78028
6,79325,-5.31902,79325
6,80585,-5.19341,80585
6,81810,-5.06606,81810
6,83000,-4.93673,83000
6,84152,-4.80546,84152
6,85270,-4.6733,85270
6,86348,-4.53871,86348
6,87388,-4.40234,87388
6,88390,-4.26437,88390
6,89352,-4.12497,89352
6,90275,-3.98413,90275
6,91158,-3.8417,91158
6,92000,-3.69912,92000
6,92805,-3.55491,92805
6,93565,-3.40861,93565
6,94285,-3.26117,94285
6,94965,-3.11239,94965
6,95602,-2.96391,95602
6,96198,-2.80819,96198
6,96750,-2.65668,96750
6,97260,-2.50458,97260
6,97725,-2.35148,97725
6,98150,-2.1973,98150
6,98530,-2.04296,98530
6,98867,-1.88798,98867
6,99160,-1.73246,99160
6,99410,-1.57654,99410
6,99615,-1.41496,99615
6,99778,-1.2573,99778
6,99895,-1.10197,99895
6,99970,-0.94511,99968
7,100000,-0.77381,99969
7,99978,-0.61689,99978
7,99910,-0.46082,99910
7,99797,-0.3042,99797
7,99642,-0.1464,99642
7,99445,0.00972,99445
7,99200,0.1654,99200
7,98915,0.32608,98915
7,98582,0.48101,98582
7,98210,0.63515,98210
7,97792,0.78889,97792
7,97332,0.94084,97332
7,96830,1.09289,96830
7,96282,1.24559,96282
7,95695,1.39457,95695
7,95065,1.54409,95065
7,94392,1.69252,94392
7,93677,1.84001,93677
7,92922,1.98601,92922
7,92125,2.13087,92125
7,91288,2.2733,91288
7,90410,2.41677,90410
7,89495,2.55746,89495
7,88538,2.69691,88538
7,87543,2.83463,87543
7,86508,2.96952,86508
7,85435,3.10396,85435
7,84325,3.23701,84325
7,83178,3.36803,83178
7,81992,3.49711,81992
7,80772,3.62421,80772
7,79518,3.74958,79518
7,78228,3.87281,78228
7,76902,3.9939,76902
7,75542,4.11187,75542
7,74150,4.229,74150
7,72725,4.3436,72725
7,71268,4.45601,71268
7,69778,4.566,69778
7,68258,4.67276,68258
7,66710,4.77882,66710
7,65130,4.88166,65130
7,63522,4.98187,63522
7,61888,5.07985,61888
7,60222,5.17406,60222
7,58535,5.26648,58535
7,56818,5.35618,56818
7,55078,5.44319,55078
7,53312,5.52743,53312
7,51525,5.60884,51525
7,49713,5.68672,49713
7,47880,5.76262,47880
7,46028,5.83545,46028
7,44152,5.9054,44152
7,42258,5.97232,42258
7,40345,6.03567,40345
7,38415,6.09709,38415
7,36468,6.15484,36468
7,34505,6.20911,34505
7,32527,6.26095,32527
7,30535,6.30947,30535
7,28528,6.35486,28528
7,26510,6.39713,26510
7,24478,6.43617,24478
7,22437,6.47323,22437
7,20386,6.50612,20386
7,18326,6.53549,18326
7,16257,6.56163,16257
7,14182,6.5846,14182
7,12100,6.604,12100
7,10013,6.62037,10013
7,7921,6.63347,7921
7,5826,6.64314,5826
7,3729,6.64964,3729
7,1630,6.65287,1630
7,-470,6.65272,-468
7,-2570,6.64934,-2568
7,-4669,6.64265,-4667
7,-6765,6.63267,-6763
7,-8859,6.61938,-8857
7,-10949,6.60281,-10947
7,-13033,6.58302,-13031
7,-15112,6.5599,-15110
7,-17185,6.53375,-17183
7,-19250,6.50409,-19248
7,-21306,6.47125,-21304
7,-23353,6.43518,-23351
7,-25390,6.39589,-25388
7,-27415,6.35377,-27413
7,-29428,6.30823,-29426
7,-31428,6.25956,-31426
7,-33415,6.20772,-33413
7,-35388,6.15255,-35386
7,-37342,6.09451,-37340
7,-39282,6.03349,-39280
7,-41205,5.96935,-41203
7,-43110,5.90218,-43108
7,-44995,5.83208,-44993
7,-46860,5.759,-46858
7,-48705,5.68305,-48703
7,-50527,5.60472,-50525
7,-52328,5.52306,-52326
7,-54108,5.43868,-54106
7,-55860,5.35151,-55858
7,-57590,5.26226,-57588
7,-59295,5.16964,-59293
7,-60972,5.07434,-60970
7,-62622,4.97647,-62620
7,-64245,4.87665,-64243
7,-65840,4.77376,-65838
7,-67408,4.66844,-67406
7,-68942,4.56064,-68940
7,-70450,4.45036,-70448
7,-71922,4.33789,-71920
7,-73368,4.2232,-73366
7,-74778,4.10622,-74776
7,-76155,3.9878,-76153
7,-77500,3.86641,-77498
7,-78810,3.74313,-78808
7,-80085,3.61786,-80083
7,-81325,3.49047,-81323
7,-82528,3.36232,-82526
7,-83695,3.23026,-83693
7,-84828,3.09736,-84826
7,-85920,2.96366,-85918
7,-86975,2.8262,-86973
7,-87992,2.68833,-87990
7,-88970,2.54883,-88968
7,-89910,2.40784,-89908
7,-90810,2.26665,-90808
7,-91668,2.12174,-91666
7,-92488,1.97674,-92486
7,-93265,1.83014,-93263
7,-94002,1.6828,-94000
7,-94698,1.53427,-94696
7,-95352,1.3847,-95350
7,-95962,1.23532,-95960
7,-96532,1.07881,-96530
7,-97060,0.9266,-97058
7,-97545,0.77361,-97543
7,-97985,0.61992,-97983
7,-98382,0.46638,-98380
7,-98738,0.3115,-98736
7,-99048,0.15592,-99046
7,-99315,0.00139,-99313
7,-99538,-0.15473,-99536
7,-99718,-0.3112,-99716
7,-99852,-0.46806,-99850
7,-99945,-0.62503,-99943
7,-99992,-0.7811,-99990
7,-99995,-0.93811,-99993
7,-99955,-1.09642,-99953
7,-99870,-1.25199,-99868
7,-99742,-1.40851,-99740
7,-99568,-1.56503,-99566
7,-99352,-1.72125,-99350
7,-99092,-1.87722,-99090
7,-98788,-2.03423,-98786
7,-98440,-2.18787,-98438
7,-98048,-2.34211,-98046
7,-97612,-2.49585,-97610
7,-97135,-2.64864,-97133
7,-96615,-2.8006,-96613
7,-96052,-2.95052,-96050
7,-95448,-3.10093,-95446
7,-94800,-3.25085,-94798
7,-94110,-3.39785,-94108
7,-93380,-3.54533,-93378
7,-92608,-3.69143,-92606
7,-91795,-3.83619,-91793
7,-90942,-3.97867,-90940
7,-90048,-4.1208,-90046
7,-89115,-4.26274,-89113
7,-88142,-4.4011,-88140
7,-87132,-4.53757,-87130
7,-86082,-4.6735,-86080
7,-84995,-4.80794,-84993
7,-83870,-4.94045,-83868
7,-82708,-5.07122,-82706
7,-81510,-5.2002,-81508
7,-80275,-5.32651,-80273
7,-79005,-5.45167,-79003
7,-77700,-5.57485,-77698
7,-76360,-5.69585,-76358
7,-74988,-5.81476,-74986
7,-73582,-5.93154,-73580
7,-72145,-6.04505,-72143
7,-70675,-6.15722,-70673
7,-69172,-6.26814,-69170
7,-67642,-6.37401,-67640
7,-66080,-6.47913,-66078
7,-64490,-6.58163,-64488
7,-62870,-6.68179,-62868
7,-61225,-6.77932,-61223
7,-59550,-6.87417,-59548
7,-57850,-6.96635,-57848
7,-56125,-7.05678,-56123
7,-54375,-7.14301,-54373
7,-52600,-7.2264,-52598
7,-50803,-7.30761,-50801
7,-48982,-7.38609,-48980
7,-47140,-7.4617,-47138
7,-45278,-7.53368,-45276
7,-43398,-7.60403,-43396
7,-41495,-7.67125,-41493
7,-39575,-7.734,-39573
7,-37638,-7.79522,-37636
7,-35685,-7.85277,-35683
7,-33715,-7.90739,-33713
7,-31730,-7.95839,-31728
7,-29732,-8.00671,-29730
7,-27720,-8.05195,-27718
7,-25698,-8.09397,-25696
7,-23662,-8.13261,-23660
7,-21617,-8.16823,-21615
7,-19562,-8.20063,-19560
7,-17498,-8.2298,-17496
7,-15427,-8.25569,-15425
7,-13349,-8.27837,-13347
7,-11265,-8.29776,-11263
7,-9176,-8.31394,-9174
7,-7083,-8.32678,-7081
7,-4987,-8.33636,-4985
7,-2888,-8.34256,-2886
7,-789,-8.34549,-787
7,1311,-8.34514,1311
7,3410,-8.34152,3410
7,5508,-8.33457,5508
7,7604,-8.3244,7604
7,9696,-8.31086,9696
7,11784,-8.29404,11784
7,13866,-8.27415,13866
7,15943,-8.25083,15943
7,18012,-8.22424,18012
7,20074,-8.19438,20074
7,22126,-8.16164,22126
7,24170,-8.12507,24170
7,26202,-8.08548,26202
7,28222,-8.04272,28222
7,30230,-7.99733,30230
7,32225,-7.94827,32225
7,34208,-7.89618,34208
7,36172,-7.84101,36172
7,38122,-7.78277,38122
7,40055,-7.7214,40055
7,41970,-7.65746,41970
7,43868,-7.59018,43868
7,45742,-7.51989,45742
7,47600,-7.44671,47600
7,49438,-7.37116,49438
7,51252,-7.29154,51252
7,53042,-7.20983,53042
7,54812,-7.12584,54812
7,56555,-7.03902,56555
7,58275,-6.94888,58275
7,59970,-6.85527,59970
7,61635,-6.76067,61635
7,63275,-6.66254,63275
7,64887,-6.56193,64887
7,66472,-6.45969,66472
7,68025,-6.35313,68025
7,69550,-6.24671,69550
7,71042,-6.13643,71042
7,72505,-6.02372,72505
7,73935,-5.90882,73935
7,75332,-5.79264,75332
7,76698,-5.67328,76698
7,78028,-5.55288,78028
7,79325,-5.429,79325
7,80585,-5.30339,80585
7,81810,-5.17609,81810
7,83000,-5.04671,83000
7,84152,-4.91569,84152
7,85270,-4.77823,85270
7,86348,-4.63768,86348
7,87388,-4.49669,87388
7,88390,-4.35863,88390
7,89352,-4.21918,89352
7,90275,-4.07809,90275
7,91158,-3.93417,91158
7,92000,-3.79055,92000
7,92805,-3.6454,92805
7,93565,-3.49915,93565
7,94285,-3.3529,94285
7,94965,-3.20412,94965
7,95602,-3.05584,95602
7,96198,-2.90398,96198
7,96750,-2.75342,96750
7,97260,-2.60127,97260
7,97725,-2.44688,97725
7,98150,-2.29438,98150
7,98530,-2.13995,98530
7,98867,-1.97961,98867
7,99160,-1.81878,99160
7,99410,-1.66301,99410
7,99615,-1.50679,99615
7,99778,-1.35037,99778
7,99895,-1.19454,99895
7,99970,-1.03768,99967
8,100000,-0.86782,99969
8,99978,-0.7107,99978
8,99910,-0.55384,99910
8,99797,-0.39687,99797
8,99642,-0.24031,99642
8,99445,-0.08409,99445
8,99200,0.07035,99200
8,98915,0.22706,98915
8,98582,0.3811,98582
8,98210,0.53404,98210
8,97792,0.68778,97792
8,97332,0.84078,97332
8,96830,0.99169,96830
8,96282,1.14325,96282
8,95695,1.29371,95695
8,95065,1.44234,95065
8,94392,1.59087,94392
8,93677,1.73811,93677
8,92922,1.88436,92922
8,92125,2.02927,92125
8,91288,2.17309,91288
8,90410,2.31532,90410
8,89495,2.45497,89495
8,88538,2.59447,88538
8,87543,2.73234,87543
8,86508,2.86836,86508
8,85435,3.003,85435
8,84325,3.13457,84325
8,83178,3.26559,83178
8,81992,3.39462,81992
8,80772,3.52192,80772
8,79518,3.64634,79518
8,78228,3.76937,78228
8,76902,3.89052,76902
8,75542,4.00953,75542
8,74150,4.12641,74150
8,72725,4.24478,72725
8,71268,4.35709,71268
8,69778,4.46718,69778
8,68258,4.57478,68258
8,66710,4.6803,66710
8,65130,4.78294,65130
8,63522,4.88315,63522
8,61888,4.98073,61888
8,60222,5.07578,60222
8,58535,5.17138,58535
8,56818,5.26494,56818
8,55078,5.35126,55078
8,53312,5.4355,53312
8,51525,5.51626,51525
8,49713,5.59504,49713
8,47880,5.67085,47880
8,46028,5.74362,46028
8,44152,5.81352,44152
8,42258,5.8799,42258
8,40345,5.94429,40345
8,38415,6.00517,38415
8,36468,6.06301,36468
8,34505,6.11743,34505
8,32527,6.16917,32527
8,30535,6.21764,30535
8,28528,6.26308,28528
8,26510,6.30535,26510
8,24478,6.34444,24478
8,22437,6.38031,22437
8,20386,6.41286,20386
8,18326,6.44203,18326
8,16257,6.46817,16257
8,14182,6.49129,14182
8,12100,6.51073,12100
8,10013,6.52711,10013
8,7921,6.54015,7921
8,5826,6.54993,5826
8,3729,6.55667,3729
8,1630,6.55985,1630
8,-470,6.5597,-468
8,-2570,6.55628,-2568
8,-4669,6.54958,-4667
8,-6765,6.53961,-6763
8,-8859,6.52631,-8857
8,-10949,6.50974,-10947
8,-13033,6.4899,-13031
8,-15112,6.46683,-15110
8,-17185,6.44064,-17183
8,-19250,6.41102,-19248
8,-21306,6.37818,-21304
8,-23353,6.34211,-23351
8,-25390,6.30312,-25388
8,-27415,6.26075,-27413
8,-29428,6.21516,-29426
8,-31428,6.1664,-31426
8,-33415,6.11485,-33413
8,-35388,6.05983,-35386
8,-37342,6.00179,-37340
8,-39282,5.94122,-39280
8,-41205,5.87707,-41203
8,-43110,5.80995,-43108
8,-44995,5.73985,-44993
8,-46860,5.66623,-46858
8,-48705,5.59073,-48703
8,-50527,5.51195,-50525
8,-52328,5.43029,-52326
8,-54108,5.34591,-54106
8,-55860,5.25864,-55858
8,-57590,5.1688,-57588
8,-59295,5.07618,-59293
8,-60972,4.98088,-60970
8,-62622,4.88365,-62620
8,-64245,4.78324,-64243
8,-65840,4.6803,-65838
8,-67408,4.57493,-67406
8,-68942,4.46802,-68940
8,-70450,4.35694,-70448
8,-71922,4.24438,-71920
8,-73368,4.13142,-73366
8,-74778,4.01444,-74776
8,-76155,3.89538,-76153
8,-77500,3.77398,-77498
8,-78810,3.65075,-78808
8,-80085,3.52544,-80083
8,-81325,3.39809,-81323
8,-82528,3.26896,-82526
8,-83695,3.13859,-83693
8,-84828,3.00588,-84826
8,-85920,2.87238,-85918
8,-86975,2.73611,-86973
8,-87992,2.59844,-87990
8,-88970,2.45899,-88968
8,-89910,2.31815,-89908
8,-90810,2.17691,-90808
8,-91668,2.03284,-91666
8,-92488,1.88813,-92486
8,-93265,1.74198,-93263
8,-94002,1.59459,-94000
8,-94698,1.44711,-94696
8,-95352,1.29262,-95350
8,-95962,1.14201,-95960
8,-96532,0.99204,-96530
8,-97060,0.83979,-97058
8,-97545,0.68635,-97543
8,-97985,0.53261,-97983
8,-98382,0.37817,-98380
8,-98738,0.22344,-98736
8,-99048,0.0693,-99046
8,-99315,-0.08652,-99313
8,-99538,-0.24294,-99536
8,-99718,-0.39941,-99716
8,-99852,-0.55548,-99850
8,-99945,-0.71234,-99943
8,-99992,-0.86787,-99990
8,-99995,-1.02493,-99993
8,-99955,-1.18041,-99953
8,-99870,-1.33752,-99868
8,-99742,-1.4928,-99740
8,-99568,-1.64976,-99566
8,-99352,-1.80449,-99350
8,-99092,-1.96165,-99090
8,-98788,-2.11549,-98786
8,-98440,-2.26893,-98438
8,-98048,-2.42332,-98046
8,-97612,-2.57691,-97610
8,-97135,-2.72861,-97133
8,-96615,-2.88106,-96613
8,-96052,-3.03093,-96050
8,-95448,-3.18145,-95446
8,-94800,-3.32963,-94798
8,-94110,-3.47796,-94108
8,-93380,-3.62525,-93378
8,-92608,-3.77006,-92606
8,-91795,-3.91522,-91793
8,-90942,-4.05869,-90940
8,-90048,-4.19963,-90046
8,-89115,-4.34013,-89113
8,-88142,-4.48042,-88140
8,-87132,-4.61685,-87130
8,-86082,-4.75278,-86080
8,-84995,-4.88593,-84993
8,-83870,-5.01888,-83868
8,-82708,-5.1497,-82706
8,-81510,-5.27864,-81508
8,-80275,-5.40559,-80273
8,-79005,-5.52966,-79003
8,-77700,-5.65284,-77698
8,-76360,-5.77384,-76358
8,-74988,-5.89275,-74986
8,-73582,-6.00879,-73580
8,-72145,-6.12324,-72143
8,-70675,-6.2354,-70673
8,-69172,-6.34429,-69170
8,-67642,-6.45086,-67640
8,-66080,-6.55682,-66078
8,-64490,-6.65852,-64488
8,-62870,-6.75858,-62868
8,-61225,-6.85547,-61223
8,-59550,-6.94948,-59548
8,-57850,-7.04165,-57848
8,-56125,-7.13135,-56123
8,-54375,-7.21821,-54373
8,-52600,-7.30161,-52598
8,-50803,-7.38287,-50801
8,-48982,-7.46085,-48980
8,-47140,-7.53631,-47138
8,-45278,-7.60894,-45276
8,-43398,-7.67804,-43396
8,-41495,-7.74427,-41493
8,-39575,-7.80802,-39573
8,-37638,-7.8682,-37636
8,-35685,-7.92584,-35683
8,-33715,-7.98051,-33713
8,-31730,-8.03151,-31728
8,-29732,-8.07988,-29730
8,-27720,-8.12507,-27718
8,-25698,-8.1667,-25696
8,-23662,-8.20554,-23660
8,-21617,-8.24121,-21615
8,-19562,-8.27355,-19560
8,-17498,-8.30248,-17496
8,-15427,-8.32842,-15425
8,-13349,-8.35089,-13347
8,-11265,-8.37029,-11263
8,-9176,-8.38642,-9174
8,-7083,-8.39926,-7081
8,-4987,-8.40899,-4985
8,-2888,-8.41519,-2886
8,-789,-8.41812,-787
8,1311,-8.41777,1311
8,3410,-8.41415,3410
8,5508,-8.4072,5508
8,7604,-8.39698,7604
8,9696,-8.38344,9696
8,11784,-8.36677,11784
8,13866,-8.34653,13866
8,15943,-8.32331,15943
8,18012,-8.29697,18012
8,20074,-8.26715,20074
8,22126,-8.23436,22126
8,24170,-8.1981,24170
8,26202,-8.15896,26202
8,28222,-8.11629,28222
8,30230,-8.07035,30230
8,32225,-8.02134,32225
8,34208,-7.9697,34208
8,36172,-7.91458,36172
8,38122,-7.85629,38122
8,40055,-7.79552,40055
8,41970,-7.73112,41970
8,43868,-7.66381,43868
8,45742,-7.59336,45742
8,47600,-7.52078,47600
8,49438,-7.44394,49438
8,51252,-7.3656,51252
8,53042,-7.28449,53042
8,54812,-7.19986,54812
8,56555,-7.11245,56555
8,58275,-7.02236,58275
8,59970,-6.93008,59970
8,61635,-6.83548,61635
8,63275,-6.73745,63275
8,64887,-6.63684,64887
8,66472,-6.53465,66472
8,68025,-6.42903,68025
8,69550,-6.32118,69550
8,71042,-6.21144,71042
8,72505,-6.09878,72505
8,73935,-5.98383,73935
8,75332,-5.86666,75332
8,76698,-5.74725,76698
8,78028,-5.62144,78028
8,79325,-5.49905,79325
8,80585,-5.37255,80585
8,81810,-5.24619,81810
8,83000,-5.11651,83000
8,84152,-4.9853,84152
8,85270,-4.85229,85270
8,86348,-4.7186,86348
8,87388,-4.58222,87388
8,88390,-4.44302,88390
8,89352,-4.30346,89352
8,90275,-4.16247,90275
8,91158,-4.02094,91158
8,92000,-3.87851,92000
8,92805,-3.73226,92805
8,93565,-3.58591,93565
8,94285,-3.43843,94285
8,94965,-3.29114,94965
8,95602,-3.14151,95602
8,96198,-2.9909,96198
8,96750,-2.84043,96750
8,97260,-2.68823,97260
8,97725,-2.53519,97725
8,98150,-2.3814,98150
8,98530,-2.2283,98530
8,98867,-2.07327,98867
8,99160,-1.91765,99160
8,99410,-1.76173,99410
8,99615,-1.6064,99615
8,99778,-1.44969,99778
8,99895,-1.29426,99895
8,99970,-1.13729,99968
9,100000,-0.9658,99970
9,99978,-0.81017,99978
9,99910,-0.65326,99910
9,99797,-0.49783,99797
9,99642,-0.3426,99642
9,99445,-0.18623,99445
9,99200,-0.03056,99200
9,98915,0.12596,98915
9,98582,0.28079,98582
9,98210,0.43517,98210
9,97792,0.58757,97792
9,97332,0.74057,97332
9,96830,0.89148,96830
9,96282,1.0419,96282
9,95695,1.19226,95695
9,95065,1.34183,95065
9,94392,1.48883,94392
9,93677,1.63741,93677
9,92922,1.78232,92922
9,92125,1.92827,92125
9,91288,2.07189,91288
9,90410,2.21307,90410
9,89495,2.35392,89495
9,88538,2.49322,88538
9,87543,2.62969,87543
9,86508,2.76602,86508
9,85435,2.90046,85435
9,84325,3.03327,84325
9,83178,3.16419,83178
9,81992,3.29257,81992
9,80772,3.41863,80772
9,79518,3.5439,79518
9,78228,3.66608,78228
9,76902,3.78723,76902
9,75542,3.90639,75542
9,74150,4.02228,74150
9,72725,4.13782,72725
9,71268,4.2486,71268
9,69778,4.35764,69778
9,68258,4.46529,68258
9,66710,4.57046,66710
9,65130,4.6732,65130
9,63522,4.77421,63522
9,61888,4.87105,61888
9,60222,4.96625,60222
9,58535,5.05867,58535
9,56818,5.14841,56818
9,55078,5.23538,55078
9,53312,5.31956,53312
9,51525,5.40028,51525
9,49713,5.47901,49713
9,47880,5.55476,47880
9,46028,5.62714,46028
9,44152,5.69699,44152
9,42258,5.76396,42258
9,40345,5.82786,40345
9,38415,5.88878,38415
9,36468,5.94618,36468
9,34505,6.00139,34505
9,32527,6.05259,32527
9,30535,6.10131,30535
9,28528,6.1467,28528
9,26510,6.18857,26510
9,24478,6.22761,24478
9,22437,6.26343,22437
9,20386,6.29607,20386
9,18326,6.32544,18326
9,16257,6.35134,16257
9,14182,6.37426,14182
9,12100,6.3939,12100
9,10013,6.41023,10013
9,7921,6.42317,7921
9,5826,6.43295,5826
9,3729,6.43945,3729
9,1630,6.44262,1630
9,-470,6.44252,-468
9,-2570,6.4391,-2568
9,-4669,6.4324,-4667
9,-6765,6.42243,-6763
9,-8859,6.40918,-8857
9,-10949,6.39276,-10947
9,-13033,6.37272,-13031
9,-15112,6.34985,-15110
9,-17185,6.32346,-17183
9,-19250,6.29384,-19248
9,-21306,6.26125,-21304
9,-23353,6.22518,-23351
9,-25390,6.18599,-25388
9,-27415,6.14353,-27413
9,-29428,6.09798,-29426
9,-31428,6.04927,-31426
9,-33415,5.99738,-33413
9,-35388,5.94271,-35386
9,-37342,5.88466,-37340
9,-39282,5.82359,-39280
9,-41205,5.7594,-41203
9,-43110,5.69282,-43108
9,-44995,5.62337,-44993
9,-46860,5.55035,-46858
9,-48705,5.47315,-48703
9,-50527,5.39487,-50525
9,-52328,5.31386,-52326
9,-54108,5.22947,-54106
9,-55860,5.14221,-55858
9,-57590,5.05311,-57588
9,-59295,4.96054,-59293
9,-60972,4.86603,-60970
9,-62622,4.76875,-62620
9,-64245,4.66909,-64243
9,-65840,4.56615,-65838
9,-67408,4.46087,-67406
9,-68942,4.35307,-68940
9,-70450,4.24383,-70448
9,-71922,4.12943,-71920
9,-73368,4.01469,-73366
9,-74778,3.89741,-74776
9,-76155,3.77835,-76153
9,-77500,3.65696,-77498
9,-78810,3.53368,-78808
9,-80085,3.40935,-80083
9,-81325,3.27749,-81323
9,-82528,3.14811,-82526
9,-83695,3.01814,-83693
9,-84828,2.88523,-84826
9,-85920,2.75029,-85918
9,-86975,2.61392,-86973
9,-87992,2.47729,-87990
9,-88970,2.33794,-88968
9,-89910,2.19695,-89908
9,-90810,2.05571,-90808
9,-91668,1.91195,-91666
9,-92488,1.76699,-92486
9,-93265,1.62272,-93263
9,-94002,1.47528,-94000
9,-94698,1.32685,-94696
9,-95352,1.17847,-95350
9,-95962,1.02801,-95960
9,-96532,0.87531,-96530
9,-97060,0.7243,-97058
9,-97545,0.57219,-97543
9,-97985,0.41865,-97983
9,-98382,0.26427,-98380
9,-98738,0.10954,-98736
9,-99048,-0.04594,-99046
9,-99315,-0.20057,-99313
9,-99538,-0.35684,-99536
9,-99718,-0.51341,-99716
9,-99852,-0.66913,-99850
9,-99945,-0.8259,-99943
9,-99992,-0.98296,-99990
9,-99995,-1.13997,-99993
9,-99955,-1.29684,-99953
9,-99870,-1.45241,-99868
9,-99742,-1.61027,-99740
9,-99568,-1.7656,-99566
9,-99352,-1.92212,-99350
9,-99092,-2.07799,-99090
9,-98788,-2.23202,-98786
9,-98440,-2.38696,-98438
9,-98048,-2.54144,-98046
9,-97612,-2.69379,-97610
9,-97135,-2.84649,-97133
9,-96615,-2.99864,-96613
9,-96052,-3.1501,-96050
9,-95448,-3.29922,-95446
9,-94800,-3.44865,-94798
9,-94110,-3.59718,-94108
9,-93380,-3.74437,-93378
9,-92608,-3.88933,-92606
9,-91795,-4.03409,-91793
9,-90942,-4.17681,-90940
9,-90048,-4.31894,-90046
9,-89115,-4.45968,-89113
9,-88142,-4.59874,-88140
9,-87132,-4.73531,-87130
9,-86082,-4.8704,-86080
9,-84995,-5.00489,-84993
9,-83870,-5.13646,-83868
9,-82708,-5.26757,-82706
9,-81510,-5.39641,-81508
9,-80275,-5.52361,-80273
9,-79005,-5.64783,-79003
9,-77700,-5.77106,-77698
9,-76360,-5.89216,-76358
9,-74988,-6.01092,-74986
9,-73582,-6.12765,-73580
9,-72145,-6.24136,-72143
9,-70675,-6.35347,-70673
9,-69172,-6.46326,-69170
9,-67642,-6.57061,-67640
9,-66080,-6.67554,-66078
9,-64490,-6.77813,-64488
9,-62870,-6.87735,-62868
9,-61225,-6.97483,-61223
9,-59550,-7.06909,-59548
9,-57850,-7.16136,-57848
9,-56125,-7.25165,-56123
9,-54375,-7.33837,-54373
9,-52600,-7.42171,-52598
9,-50803,-7.50297,-50801
9,-48982,-7.58071,-48980
9,-47140,-7.65631,-47138
9,-45278,-7.7279,-45276
9,-43398,-7.79765,-43396
9,-41495,-7.86433,-41493
9,-39575,-7.92807,-39573
9,-37638,-7.9883,-37636
9,-35685,-8.04545,-35683
9,-33715,-8.10096,-33713
9,-31730,-8.15285,-31728
9,-29732,-8.20083,-29730
9,-27720,-8.24562,-27718
9,-25698,-8.28764,-25696
9,-23662,-8.32644,-23660
9,-21617,-8.36206,-21615
9,-19562,-8.3945,-19560
9,-17498,-8.42337,-17496
9,-15427,-8.44952,-15425
9,-13349,-8.47184,-13347
9,-11265,-8.49124,-11263
9,-9176,-8.50721,-9174
9,-7083,-8.52006,-7081
9,-4987,-8.52964,-4985
9,-2888,-8.53584,-2886
9,-789,-8.53882,-787
9,1311,-8.53842,1311
9,3410,-8.53485,3410
9,5508,-8.52785,5508
9,7604,-8.51773,7604
9,9696,-8.50424,9696
9,11784,-8.48742,11784
9,13866,-8.46733,13866
9,15943,-8.44421,15943
9,18012,-8.41752,18012
9,20074,-8.3879,20074
9,22126,-8.35486,22126
9,24170,-8.3186,24170
9,26202,-8.27906,26202
9,28222,-8.23669,28222
9,30230,-8.19125,30230
9,32225,-8.14214,32225
9,34208,-8.0905,34208
9,36172,-8.03533,36172
9,38122,-7.97704,38122
9,40055,-7.91622,40055
9,41970,-7.85187,41970
9,43868,-7.78455,43868
9,45742,-7.71485,45742
9,47600,-7.64148,47600
9,49438,-7.56607,49438
9,51252,-7.48695,51252
9,53042,-7.40519,53042
9,54812,-7.32056,54812
9,56555,-7.23399,56555
9,58275,-7.1439,58275
9,59970,-7.05118,59970
9,61635,-6.95628,61635
9,63275,-6.85909,63275
9,64887,-6.75848,64887
9,66472,-6.65629,66472
9,68025,-6.55072,68025
9,69550,-6.44267,69550
9,71042,-6.33244,71042
9,72505,-6.22037,72505
9,73935,-6.10533,73935
9,75332,-5.98909,75332
9,76698,-5.86963,76698
9,78028,-5.74829,78028
9,79325,-5.62054,79325
9,80585,-5.49508,80585
9,81810,-5.36783,81810
9,83000,-5.23835,83000
9,84152,-5.10694,84152
9,85270,-4.97384,85270
9,86348,-4.84029,86348
9,87388,-4.70386,87388
9,88390,-4.56595,88390
9,89352,-4.4264,89352
9,90275,-4.28551,90275
9,91158,-4.14313,91158
9,92000,-4.0002,92000
9,92805,-3.85276,92805
9,93565,-3.70637,93565
9,94285,-3.55893,94285
9,94965,-3.4103,94965
9,95602,-3.26053,95602
9,96198,-3.10996,96198
9,96750,-2.95846,96750
9,97260,-2.8071,97260
9,97725,-2.65415,97725
9,98150,-2.49907,98150
9,98530,-2.34469,98530
9,98867,-2.191,98867
9,99160,-2.03552,99160
9,99410,-1.8796,99410
9,99615,-1.72333,99615
9,99778,-1.56776,99778
9,99895,-1.41104,99895
9,99970,-1.25546,99967
